"0","  # Rajouter MpBCX_ pour chaque barcodes"
"0","  for (barcode in MpBC1@assays[[""Spatial""]]@layers[[""counts""]]@Dimnames[[2]][1:10]) {"
"0","    print(barcode)"
"0","    barcode <- paste0(""MpBC1_"", barcode)"
"0","    print(barcode)"
"0","    # barcode <- paste0(sample, ""_"", barcode)"
"0","  }"
"1","[1]"
"1"," ""AACACCTACTATCGAA-1"""
"1","
"
"1","[1]"
"1"," ""MpBC1_AACACCTACTATCGAA-1"""
"1","
"
"1","[1]"
"1"," ""AACACGTGCATCGCAC-1"""
"1","
"
"1","[1]"
"1"," ""MpBC1_AACACGTGCATCGCAC-1"""
"1","
"
"1","[1]"
"1"," ""AACACTTGGCAAGGAA-1"""
"1","
"
"1","[1]"
"1"," ""MpBC1_AACACTTGGCAAGGAA-1"""
"1","
"
"1","[1]"
"1"," ""AACAGGAAGAGCATAG-1"""
"1","
"
"1","[1]"
"1"," ""MpBC1_AACAGGAAGAGCATAG-1"""
"1","
"
"1","[1]"
"1"," ""AACAGGATTCATAGTT-1"""
"1","
"
"1","[1]"
"1"," ""MpBC1_AACAGGATTCATAGTT-1"""
"1","
"
"1","[1]"
"1"," ""AACAGGCCAACGATTA-1"""
"1","
"
"1","[1]"
"1"," ""MpBC1_AACAGGCCAACGATTA-1"""
"1","
"
"1","[1]"
"1"," ""AACAGGTTATTGCACC-1"""
"1","
"
"1","[1]"
"1"," ""MpBC1_AACAGGTTATTGCACC-1"""
"1","
"
"1","[1]"
"1"," ""AACAGGTTCACCGAAG-1"""
"1","
"
"1","[1]"
"1"," ""MpBC1_AACAGGTTCACCGAAG-1"""
"1","
"
"1","[1]"
"1"," ""AACAGTCAGGCTCCGC-1"""
"1","
"
"1","[1]"
"1"," ""MpBC1_AACAGTCAGGCTCCGC-1"""
"1","
"
"1","[1]"
"1"," ""AACAGTCCACGCGGTG-1"""
"1","
"
"1","[1]"
"1"," ""MpBC1_AACAGTCCACGCGGTG-1"""
"1","
"
