"0","all_data_init <- all_data_init %>%"
"0","  NormalizeData(assay = ""Spatial"","
"0","                      normalization.method = ""LogNormalize"","
"0","                      scale.factor = 5000) %>% "
"0","        FindVariableFeatures(selection.method = ""vst"","
"0","                             nfeatures = 750) %>% "
"0","        ScaleData(do.scale = TRUE,"
"0","                  do.center = TRUE,"
"0","                  scale.max = 10,"
"0","                  model.use = ""linear"")"
"2","Normalizing layer: counts.1
"
"2","Performing log-normalization
"
"2","0%   10   20   30   40   50   60   70   80   90   100%
"
"2","[----|----|----|----|----|----|----|----|----|----|
"
"2","*"
"2","*"
"2","*"
"2","*"
"2","*"
"2","*"
"2","*"
"2","*"
"2","*"
"2","*"
"2","*"
"2","*"
"2","*"
"2","*"
"2","*"
"2","*"
"2","*"
"2","*"
"2","*"
"2","*"
"2","*"
"2","*"
"2","*"
"2","*"
"2","*"
"2","*"
"2","*"
"2","*"
"2","*"
"2","*"
"2","*"
"2","*"
"2","*"
"2","*"
"2","*"
"2","*"
"2","*"
"2","*"
"2","*"
"2","*"
"2","*"
"2","*"
"2","*"
"2","*"
"2","*"
"2","*"
"2","*"
"2","*"
"2","*"
"2","*"
"2","|
"
"2","Normalizing layer: counts.2
"
"2","Performing log-normalization
"
"2","0%   10   20   30   40   50   60   70   80   90   100%
"
"2","[----|----|----|----|----|----|----|----|----|----|
"
"2","*"
"2","*"
"2","*"
"2","*"
"2","*"
"2","*"
"2","*"
"2","*"
"2","*"
"2","*"
"2","*"
"2","*"
"2","*"
"2","*"
"2","*"
"2","*"
"2","*"
"2","*"
"2","*"
"2","*"
"2","*"
"2","*"
"2","*"
"2","*"
"2","*"
"2","*"
"2","*"
"2","*"
"2","*"
"2","*"
"2","*"
"2","*"
"2","*"
"2","*"
"2","*"
"2","*"
"2","*"
"2","*"
"2","*"
"2","*"
"2","*"
"2","*"
"2","*"
"2","*"
"2","*"
"2","*"
"2","*"
"2","*"
"2","*"
"2","*"
"2","|
"
"2","Normalizing layer: counts.3
"
"2","Performing log-normalization
"
"2","0%   10   20   30   40   50   60   70   80   90   100%
"
"2","[----|----|----|----|----|----|----|----|----|----|
"
"2","*"
"2","*"
"2","*"
"2","*"
"2","*"
"2","*"
"2","*"
"2","*"
"2","*"
"2","*"
"2","*"
"2","*"
"2","*"
"2","*"
"2","*"
"2","*"
"2","*"
"2","*"
"2","*"
"2","*"
"2","*"
"2","*"
"2","*"
"2","*"
"2","*"
"2","*"
"2","*"
"2","*"
"2","*"
"2","*"
"2","*"
"2","*"
"2","*"
"2","*"
"2","*"
"2","*"
"2","*"
"2","*"
"2","*"
"2","*"
"2","*"
"2","*"
"2","*"
"2","*"
"2","*"
"2","*"
"2","*"
"2","*"
"2","*"
"2","*"
"2","|
"
"2","Normalizing layer: counts.4
"
"2","Performing log-normalization
"
"2","0%   10   20   30   40   50   60   70   80   90   100%
"
"2","[----|----|----|----|----|----|----|----|----|----|
"
"2","*"
"2","*"
"2","*"
"2","*"
"2","*"
"2","*"
"2","*"
"2","*"
"2","*"
"2","*"
"2","*"
"2","*"
"2","*"
"2","*"
"2","*"
"2","*"
"2","*"
"2","*"
"2","*"
"2","*"
"2","*"
"2","*"
"2","*"
"2","*"
"2","*"
"2","*"
"2","*"
"2","*"
"2","*"
"2","*"
"2","*"
"2","*"
"2","*"
"2","*"
"2","*"
"2","*"
"2","*"
"2","*"
"2","*"
"2","*"
"2","*"
"2","*"
"2","*"
"2","*"
"2","*"
"2","*"
"2","*"
"2","*"
"2","*"
"2","*"
"2","|
"
"2","Normalizing layer: counts.5
"
"2","Performing log-normalization
"
"2","0%   10   20   30   40   50   60   70   80   90   100%
"
"2","[----|----|----|----|----|----|----|----|----|----|
"
"2","*"
"2","*"
"2","*"
"2","*"
"2","*"
"2","*"
"2","*"
"2","*"
"2","*"
"2","*"
"2","*"
"2","*"
"2","*"
"2","*"
"2","*"
"2","*"
"2","*"
"2","*"
"2","*"
"2","*"
"2","*"
"2","*"
"2","*"
"2","*"
"2","*"
"2","*"
"2","*"
"2","*"
"2","*"
"2","*"
"2","*"
"2","*"
"2","*"
"2","*"
"2","*"
"2","*"
"2","*"
"2","*"
"2","*"
"2","*"
"2","*"
"2","*"
"2","*"
"2","*"
"2","*"
"2","*"
"2","*"
"2","*"
"2","*"
"2","*"
"2","|
"
"2","Normalizing layer: counts.6
"
"2","Performing log-normalization
"
"2","0%   10   20   30   40   50   60   70   80   90   100%
"
"2","[----|----|----|----|----|----|----|----|----|----|
"
"2","*"
"2","*"
"2","*"
"2","*"
"2","*"
"2","*"
"2","*"
"2","*"
"2","*"
"2","*"
"2","*"
"2","*"
"2","*"
"2","*"
"2","*"
"2","*"
"2","*"
"2","*"
"2","*"
"2","*"
"2","*"
"2","*"
"2","*"
"2","*"
"2","*"
"2","*"
"2","*"
"2","*"
"2","*"
"2","*"
"2","*"
"2","*"
"2","*"
"2","*"
"2","*"
"2","*"
"2","*"
"2","*"
"2","*"
"2","*"
"2","*"
"2","*"
"2","*"
"2","*"
"2","*"
"2","*"
"2","*"
"2","*"
"2","*"
"2","*"
"2","|
"
"2","Normalizing layer: counts.7
"
"2","Performing log-normalization
"
"2","0%   10   20   30   40   50   60   70   80   90   100%
"
"2","[----|----|----|----|----|----|----|----|----|----|
"
"2","*"
"2","*"
"2","*"
"2","*"
"2","*"
"2","*"
"2","*"
"2","*"
"2","*"
"2","*"
"2","*"
"2","*"
"2","*"
"2","*"
"2","*"
"2","*"
"2","*"
"2","*"
"2","*"
"2","*"
"2","*"
"2","*"
"2","*"
"2","*"
"2","*"
"2","*"
"2","*"
"2","*"
"2","*"
"2","*"
"2","*"
"2","*"
"2","*"
"2","*"
"2","*"
"2","*"
"2","*"
"2","*"
"2","*"
"2","*"
"2","*"
"2","*"
"2","*"
"2","*"
"2","*"
"2","*"
"2","*"
"2","*"
"2","*"
"2","*"
"2","|
"
"2","Normalizing layer: counts.8
"
"2","Performing log-normalization
"
"2","0%   10   20   30   40   50   60   70   80   90   100%
"
"2","[----|----|----|----|----|----|----|----|----|----|
"
"2","*"
"2","*"
"2","*"
"2","*"
"2","*"
"2","*"
"2","*"
"2","*"
"2","*"
"2","*"
"2","*"
"2","*"
"2","*"
"2","*"
"2","*"
"2","*"
"2","*"
"2","*"
"2","*"
"2","*"
"2","*"
"2","*"
"2","*"
"2","*"
"2","*"
"2","*"
"2","*"
"2","*"
"2","*"
"2","*"
"2","*"
"2","*"
"2","*"
"2","*"
"2","*"
"2","*"
"2","*"
"2","*"
"2","*"
"2","*"
"2","*"
"2","*"
"2","*"
"2","*"
"2","*"
"2","*"
"2","*"
"2","*"
"2","*"
"2","*"
"2","|
"
"2","Normalizing layer: counts.9
"
"2","Performing log-normalization
"
"2","0%   10   20   30   40   50   60   70   80   90   100%
"
"2","[----|----|----|----|----|----|----|----|----|----|
"
"2","*"
"2","*"
"2","*"
"2","*"
"2","*"
"2","*"
"2","*"
"2","*"
"2","*"
"2","*"
"2","*"
"2","*"
"2","*"
"2","*"
"2","*"
"2","*"
"2","*"
"2","*"
"2","*"
"2","*"
"2","*"
"2","*"
"2","*"
"2","*"
"2","*"
"2","*"
"2","*"
"2","*"
"2","*"
"2","*"
"2","*"
"2","*"
"2","*"
"2","*"
"2","*"
"2","*"
"2","*"
"2","*"
"2","*"
"2","*"
"2","*"
"2","*"
"2","*"
"2","*"
"2","*"
"2","*"
"2","*"
"2","*"
"2","*"
"2","*"
"2","|
"
"2","Normalizing layer: counts.10
"
"2","Performing log-normalization
"
"2","0%   10   20   30   40   50   60   70   80   90   100%
"
"2","[----|----|----|----|----|----|----|----|----|----|
"
"2","*"
"2","*"
"2","*"
"2","*"
"2","*"
"2","*"
"2","*"
"2","*"
"2","*"
"2","*"
"2","*"
"2","*"
"2","*"
"2","*"
"2","*"
"2","*"
"2","*"
"2","*"
"2","*"
"2","*"
"2","*"
"2","*"
"2","*"
"2","*"
"2","*"
"2","*"
"2","*"
"2","*"
"2","*"
"2","*"
"2","*"
"2","*"
"2","*"
"2","*"
"2","*"
"2","*"
"2","*"
"2","*"
"2","*"
"2","*"
"2","*"
"2","*"
"2","*"
"2","*"
"2","*"
"2","*"
"2","*"
"2","*"
"2","*"
"2","*"
"2","|
"
"2","Normalizing layer: counts.11
"
"2","Performing log-normalization
"
"2","0%   10   20   30   40   50   60   70   80   90   100%
"
"2","[----|----|----|----|----|----|----|----|----|----|
"
"2","*"
"2","*"
"2","*"
"2","*"
"2","*"
"2","*"
"2","*"
"2","*"
"2","*"
"2","*"
"2","*"
"2","*"
"2","*"
"2","*"
"2","*"
"2","*"
"2","*"
"2","*"
"2","*"
"2","*"
"2","*"
"2","*"
"2","*"
"2","*"
"2","*"
"2","*"
"2","*"
"2","*"
"2","*"
"2","*"
"2","*"
"2","*"
"2","*"
"2","*"
"2","*"
"2","*"
"2","*"
"2","*"
"2","*"
"2","*"
"2","*"
"2","*"
"2","*"
"2","*"
"2","*"
"2","*"
"2","*"
"2","*"
"2","*"
"2","*"
"2","|
"
"2","Normalizing layer: counts.12
"
"2","Performing log-normalization
"
"2","0%   10   20   30   40   50   60   70   80   90   100%
"
"2","[----|----|----|----|----|----|----|----|----|----|
"
"2","*"
"2","*"
"2","*"
"2","*"
"2","*"
"2","*"
"2","*"
"2","*"
"2","*"
"2","*"
"2","*"
"2","*"
"2","*"
"2","*"
"2","*"
"2","*"
"2","*"
"2","*"
"2","*"
"2","*"
"2","*"
"2","*"
"2","*"
"2","*"
"2","*"
"2","*"
"2","*"
"2","*"
"2","*"
"2","*"
"2","*"
"2","*"
"2","*"
"2","*"
"2","*"
"2","*"
"2","*"
"2","*"
"2","*"
"2","*"
"2","*"
"2","*"
"2","*"
"2","*"
"2","*"
"2","*"
"2","*"
"2","*"
"2","*"
"2","*"
"2","|
"
"2","Normalizing layer: counts.13
"
"2","Performing log-normalization
"
"2","0%   10   20   30   40   50   60   70   80   90   100%
"
"2","[----|----|----|----|----|----|----|----|----|----|
"
"2","*"
"2","*"
"2","*"
"2","*"
"2","*"
"2","*"
"2","*"
"2","*"
"2","*"
"2","*"
"2","*"
"2","*"
"2","*"
"2","*"
"2","*"
"2","*"
"2","*"
"2","*"
"2","*"
"2","*"
"2","*"
"2","*"
"2","*"
"2","*"
"2","*"
"2","*"
"2","*"
"2","*"
"2","*"
"2","*"
"2","*"
"2","*"
"2","*"
"2","*"
"2","*"
"2","*"
"2","*"
"2","*"
"2","*"
"2","*"
"2","*"
"2","*"
"2","*"
"2","*"
"2","*"
"2","*"
"2","*"
"2","*"
"2","*"
"2","*"
"2","|
"
"2","Normalizing layer: counts.14
"
"2","Performing log-normalization
"
"2","0%   10   20   30   40   50   60   70   80   90   100%
"
"2","[----|----|----|----|----|----|----|----|----|----|
"
"2","*"
"2","*"
"2","*"
"2","*"
"2","*"
"2","*"
"2","*"
"2","*"
"2","*"
"2","*"
"2","*"
"2","*"
"2","*"
"2","*"
"2","*"
"2","*"
"2","*"
"2","*"
"2","*"
"2","*"
"2","*"
"2","*"
"2","*"
"2","*"
"2","*"
"2","*"
"2","*"
"2","*"
"2","*"
"2","*"
"2","*"
"2","*"
"2","*"
"2","*"
"2","*"
"2","*"
"2","*"
"2","*"
"2","*"
"2","*"
"2","*"
"2","*"
"2","*"
"2","*"
"2","*"
"2","*"
"2","*"
"2","*"
"2","*"
"2","*"
"2","|
"
"2","Normalizing layer: counts.15
"
"2","Performing log-normalization
"
"2","0%   10   20   30   40   50   60   70   80   90   100%
"
"2","[----|----|----|----|----|----|----|----|----|----|
"
"2","*"
"2","*"
"2","*"
"2","*"
"2","*"
"2","*"
"2","*"
"2","*"
"2","*"
"2","*"
"2","*"
"2","*"
"2","*"
"2","*"
"2","*"
"2","*"
"2","*"
"2","*"
"2","*"
"2","*"
"2","*"
"2","*"
"2","*"
"2","*"
"2","*"
"2","*"
"2","*"
"2","*"
"2","*"
"2","*"
"2","*"
"2","*"
"2","*"
"2","*"
"2","*"
"2","*"
"2","*"
"2","*"
"2","*"
"2","*"
"2","*"
"2","*"
"2","*"
"2","*"
"2","*"
"2","*"
"2","*"
"2","*"
"2","*"
"2","*"
"2","|
"
"2","Finding variable features for layer counts.1
"
"2","Calculating gene variances"
"2","
"
"2","0%   10   20   30   40   50   60   70   80   90   100%
"
"2","[----|----|----|----|----|----|----|----|----|----|
"
"2","*"
"2","*"
"2","*"
"2","*"
"2","*"
"2","*"
"2","*"
"2","*"
"2","*"
"2","*"
"2","*"
"2","*"
"2","*"
"2","*"
"2","*"
"2","*"
"2","*"
"2","*"
"2","*"
"2","*"
"2","*"
"2","*"
"2","*"
"2","*"
"2","*"
"2","*"
"2","*"
"2","*"
"2","*"
"2","*"
"2","*"
"2","*"
"2","*"
"2","*"
"2","*"
"2","*"
"2","*"
"2","*"
"2","*"
"2","*"
"2","*"
"2","*"
"2","*"
"2","*"
"2","*"
"2","*"
"2","*"
"2","*"
"2","*"
"2","*"
"2","|
"
"2","Calculating feature variances of standardized and clipped values"
"2","
"
"2","0%   10   20   30   40   50   60   70   80   90   100%
"
"2","[----|----|----|----|----|----|----|----|----|----|
"
"2","*"
"2","*"
"2","*"
"2","*"
"2","*"
"2","*"
"2","*"
"2","*"
"2","*"
"2","*"
"2","*"
"2","*"
"2","*"
"2","*"
"2","*"
"2","*"
"2","*"
"2","*"
"2","*"
"2","*"
"2","*"
"2","*"
"2","*"
"2","*"
"2","*"
"2","*"
"2","*"
"2","*"
"2","*"
"2","*"
"2","*"
"2","*"
"2","*"
"2","*"
"2","*"
"2","*"
"2","*"
"2","*"
"2","*"
"2","*"
"2","*"
"2","*"
"2","*"
"2","*"
"2","*"
"2","*"
"2","*"
"2","*"
"2","*"
"2","*"
"2","|
"
"2","Finding variable features for layer counts.2
"
"2","Calculating gene variances"
"2","
"
"2","0%   10   20   30   40   50   60   70   80   90   100%
"
"2","[----|----|----|----|----|----|----|----|----|----|
"
"2","*"
"2","*"
"2","*"
"2","*"
"2","*"
"2","*"
"2","*"
"2","*"
"2","*"
"2","*"
"2","*"
"2","*"
"2","*"
"2","*"
"2","*"
"2","*"
"2","*"
"2","*"
"2","*"
"2","*"
"2","*"
"2","*"
"2","*"
"2","*"
"2","*"
"2","*"
"2","*"
"2","*"
"2","*"
"2","*"
"2","*"
"2","*"
"2","*"
"2","*"
"2","*"
"2","*"
"2","*"
"2","*"
"2","*"
"2","*"
"2","*"
"2","*"
"2","*"
"2","*"
"2","*"
"2","*"
"2","*"
"2","*"
"2","*"
"2","*"
"2","|
"
"2","Calculating feature variances of standardized and clipped values"
"2","
"
"2","0%   10   20   30   40   50   60   70   80   90   100%
"
"2","[----|----|----|----|----|----|----|----|----|----|
"
"2","*"
"2","*"
"2","*"
"2","*"
"2","*"
"2","*"
"2","*"
"2","*"
"2","*"
"2","*"
"2","*"
"2","*"
"2","*"
"2","*"
"2","*"
"2","*"
"2","*"
"2","*"
"2","*"
"2","*"
"2","*"
"2","*"
"2","*"
"2","*"
"2","*"
"2","*"
"2","*"
"2","*"
"2","*"
"2","*"
"2","*"
"2","*"
"2","*"
"2","*"
"2","*"
"2","*"
"2","*"
"2","*"
"2","*"
"2","*"
"2","*"
"2","*"
"2","*"
"2","*"
"2","*"
"2","*"
"2","*"
"2","*"
"2","*"
"2","*"
"2","|
"
"2","Finding variable features for layer counts.3
"
"2","Calculating gene variances"
"2","
"
"2","0%   10   20   30   40   50   60   70   80   90   100%
"
"2","[----|----|----|----|----|----|----|----|----|----|
"
"2","*"
"2","*"
"2","*"
"2","*"
"2","*"
"2","*"
"2","*"
"2","*"
"2","*"
"2","*"
"2","*"
"2","*"
"2","*"
"2","*"
"2","*"
"2","*"
"2","*"
"2","*"
"2","*"
"2","*"
"2","*"
"2","*"
"2","*"
"2","*"
"2","*"
"2","*"
"2","*"
"2","*"
"2","*"
"2","*"
"2","*"
"2","*"
"2","*"
"2","*"
"2","*"
"2","*"
"2","*"
"2","*"
"2","*"
"2","*"
"2","*"
"2","*"
"2","*"
"2","*"
"2","*"
"2","*"
"2","*"
"2","*"
"2","*"
"2","*"
"2","|
"
"2","Calculating feature variances of standardized and clipped values"
"2","
"
"2","0%   10   20   30   40   50   60   70   80   90   100%
"
"2","[----|----|----|----|----|----|----|----|----|----|
"
"2","*"
"2","*"
"2","*"
"2","*"
"2","*"
"2","*"
"2","*"
"2","*"
"2","*"
"2","*"
"2","*"
"2","*"
"2","*"
"2","*"
"2","*"
"2","*"
"2","*"
"2","*"
"2","*"
"2","*"
"2","*"
"2","*"
"2","*"
"2","*"
"2","*"
"2","*"
"2","*"
"2","*"
"2","*"
"2","*"
"2","*"
"2","*"
"2","*"
"2","*"
"2","*"
"2","*"
"2","*"
"2","*"
"2","*"
"2","*"
"2","*"
"2","*"
"2","*"
"2","*"
"2","*"
"2","*"
"2","*"
"2","*"
"2","*"
"2","*"
"2","|
"
"2","Finding variable features for layer counts.4
"
"2","Calculating gene variances"
"2","
"
"2","0%   10   20   30   40   50   60   70   80   90   100%
"
"2","[----|----|----|----|----|----|----|----|----|----|
"
"2","*"
"2","*"
"2","*"
"2","*"
"2","*"
"2","*"
"2","*"
"2","*"
"2","*"
"2","*"
"2","*"
"2","*"
"2","*"
"2","*"
"2","*"
"2","*"
"2","*"
"2","*"
"2","*"
"2","*"
"2","*"
"2","*"
"2","*"
"2","*"
"2","*"
"2","*"
"2","*"
"2","*"
"2","*"
"2","*"
"2","*"
"2","*"
"2","*"
"2","*"
"2","*"
"2","*"
"2","*"
"2","*"
"2","*"
"2","*"
"2","*"
"2","*"
"2","*"
"2","*"
"2","*"
"2","*"
"2","*"
"2","*"
"2","*"
"2","*"
"2","|
"
"2","Calculating feature variances of standardized and clipped values"
"2","
"
"2","0%   10   20   30   40   50   60   70   80   90   100%
"
"2","[----|----|----|----|----|----|----|----|----|----|
"
"2","*"
"2","*"
"2","*"
"2","*"
"2","*"
"2","*"
"2","*"
"2","*"
"2","*"
"2","*"
"2","*"
"2","*"
"2","*"
"2","*"
"2","*"
"2","*"
"2","*"
"2","*"
"2","*"
"2","*"
"2","*"
"2","*"
"2","*"
"2","*"
"2","*"
"2","*"
"2","*"
"2","*"
"2","*"
"2","*"
"2","*"
"2","*"
"2","*"
"2","*"
"2","*"
"2","*"
"2","*"
"2","*"
"2","*"
"2","*"
"2","*"
"2","*"
"2","*"
"2","*"
"2","*"
"2","*"
"2","*"
"2","*"
"2","*"
"2","*"
"2","|
"
"2","Finding variable features for layer counts.5
"
"2","Calculating gene variances"
"2","
"
"2","0%   10   20   30   40   50   60   70   80   90   100%
"
"2","[----|----|----|----|----|----|----|----|----|----|
"
"2","*"
"2","*"
"2","*"
"2","*"
"2","*"
"2","*"
"2","*"
"2","*"
"2","*"
"2","*"
"2","*"
"2","*"
"2","*"
"2","*"
"2","*"
"2","*"
"2","*"
"2","*"
"2","*"
"2","*"
"2","*"
"2","*"
"2","*"
"2","*"
"2","*"
"2","*"
"2","*"
"2","*"
"2","*"
"2","*"
"2","*"
"2","*"
"2","*"
"2","*"
"2","*"
"2","*"
"2","*"
"2","*"
"2","*"
"2","*"
"2","*"
"2","*"
"2","*"
"2","*"
"2","*"
"2","*"
"2","*"
"2","*"
"2","*"
"2","*"
"2","|
"
"2","Calculating feature variances of standardized and clipped values"
"2","
"
"2","0%   10   20   30   40   50   60   70   80   90   100%
"
"2","[----|----|----|----|----|----|----|----|----|----|
"
"2","*"
"2","*"
"2","*"
"2","*"
"2","*"
"2","*"
"2","*"
"2","*"
"2","*"
"2","*"
"2","*"
"2","*"
"2","*"
"2","*"
"2","*"
"2","*"
"2","*"
"2","*"
"2","*"
"2","*"
"2","*"
"2","*"
"2","*"
"2","*"
"2","*"
"2","*"
"2","*"
"2","*"
"2","*"
"2","*"
"2","*"
"2","*"
"2","*"
"2","*"
"2","*"
"2","*"
"2","*"
"2","*"
"2","*"
"2","*"
"2","*"
"2","*"
"2","*"
"2","*"
"2","*"
"2","*"
"2","*"
"2","*"
"2","*"
"2","*"
"2","|
"
"2","Finding variable features for layer counts.6
"
"2","Calculating gene variances"
"2","
"
"2","0%   10   20   30   40   50   60   70   80   90   100%
"
"2","[----|----|----|----|----|----|----|----|----|----|
"
"2","*"
"2","*"
"2","*"
"2","*"
"2","*"
"2","*"
"2","*"
"2","*"
"2","*"
"2","*"
"2","*"
"2","*"
"2","*"
"2","*"
"2","*"
"2","*"
"2","*"
"2","*"
"2","*"
"2","*"
"2","*"
"2","*"
"2","*"
"2","*"
"2","*"
"2","*"
"2","*"
"2","*"
"2","*"
"2","*"
"2","*"
"2","*"
"2","*"
"2","*"
"2","*"
"2","*"
"2","*"
"2","*"
"2","*"
"2","*"
"2","*"
"2","*"
"2","*"
"2","*"
"2","*"
"2","*"
"2","*"
"2","*"
"2","*"
"2","*"
"2","|
"
"2","Calculating feature variances of standardized and clipped values"
"2","
"
"2","0%   10   20   30   40   50   60   70   80   90   100%
"
"2","[----|----|----|----|----|----|----|----|----|----|
"
"2","*"
"2","*"
"2","*"
"2","*"
"2","*"
"2","*"
"2","*"
"2","*"
"2","*"
"2","*"
"2","*"
"2","*"
"2","*"
"2","*"
"2","*"
"2","*"
"2","*"
"2","*"
"2","*"
"2","*"
"2","*"
"2","*"
"2","*"
"2","*"
"2","*"
"2","*"
"2","*"
"2","*"
"2","*"
"2","*"
"2","*"
"2","*"
"2","*"
"2","*"
"2","*"
"2","*"
"2","*"
"2","*"
"2","*"
"2","*"
"2","*"
"2","*"
"2","*"
"2","*"
"2","*"
"2","*"
"2","*"
"2","*"
"2","*"
"2","*"
"2","|
"
"2","Finding variable features for layer counts.7
"
"2","Calculating gene variances"
"2","
"
"2","0%   10   20   30   40   50   60   70   80   90   100%
"
"2","[----|----|----|----|----|----|----|----|----|----|
"
"2","*"
"2","*"
"2","*"
"2","*"
"2","*"
"2","*"
"2","*"
"2","*"
"2","*"
"2","*"
"2","*"
"2","*"
"2","*"
"2","*"
"2","*"
"2","*"
"2","*"
"2","*"
"2","*"
"2","*"
"2","*"
"2","*"
"2","*"
"2","*"
"2","*"
"2","*"
"2","*"
"2","*"
"2","*"
"2","*"
"2","*"
"2","*"
"2","*"
"2","*"
"2","*"
"2","*"
"2","*"
"2","*"
"2","*"
"2","*"
"2","*"
"2","*"
"2","*"
"2","*"
"2","*"
"2","*"
"2","*"
"2","*"
"2","*"
"2","*"
"2","|
"
"2","Calculating feature variances of standardized and clipped values"
"2","
"
"2","0%   10   20   30   40   50   60   70   80   90   100%
"
"2","[----|----|----|----|----|----|----|----|----|----|
"
"2","*"
"2","*"
"2","*"
"2","*"
"2","*"
"2","*"
"2","*"
"2","*"
"2","*"
"2","*"
"2","*"
"2","*"
"2","*"
"2","*"
"2","*"
"2","*"
"2","*"
"2","*"
"2","*"
"2","*"
"2","*"
"2","*"
"2","*"
"2","*"
"2","*"
"2","*"
"2","*"
"2","*"
"2","*"
"2","*"
"2","*"
"2","*"
"2","*"
"2","*"
"2","*"
"2","*"
"2","*"
"2","*"
"2","*"
"2","*"
"2","*"
"2","*"
"2","*"
"2","*"
"2","*"
"2","*"
"2","*"
"2","*"
"2","*"
"2","*"
"2","|
"
"2","Finding variable features for layer counts.8
"
"2","Calculating gene variances"
"2","
"
"2","0%   10   20   30   40   50   60   70   80   90   100%
"
"2","[----|----|----|----|----|----|----|----|----|----|
"
"2","*"
"2","*"
"2","*"
"2","*"
"2","*"
"2","*"
"2","*"
"2","*"
"2","*"
"2","*"
"2","*"
"2","*"
"2","*"
"2","*"
"2","*"
"2","*"
"2","*"
"2","*"
"2","*"
"2","*"
"2","*"
"2","*"
"2","*"
"2","*"
"2","*"
"2","*"
"2","*"
"2","*"
"2","*"
"2","*"
"2","*"
"2","*"
"2","*"
"2","*"
"2","*"
"2","*"
"2","*"
"2","*"
"2","*"
"2","*"
"2","*"
"2","*"
"2","*"
"2","*"
"2","*"
"2","*"
"2","*"
"2","*"
"2","*"
"2","*"
"2","|
"
"2","Calculating feature variances of standardized and clipped values"
"2","
"
"2","0%   10   20   30   40   50   60   70   80   90   100%
"
"2","[----|----|----|----|----|----|----|----|----|----|
"
"2","*"
"2","*"
"2","*"
"2","*"
"2","*"
"2","*"
"2","*"
"2","*"
"2","*"
"2","*"
"2","*"
"2","*"
"2","*"
"2","*"
"2","*"
"2","*"
"2","*"
"2","*"
"2","*"
"2","*"
"2","*"
"2","*"
"2","*"
"2","*"
"2","*"
"2","*"
"2","*"
"2","*"
"2","*"
"2","*"
"2","*"
"2","*"
"2","*"
"2","*"
"2","*"
"2","*"
"2","*"
"2","*"
"2","*"
"2","*"
"2","*"
"2","*"
"2","*"
"2","*"
"2","*"
"2","*"
"2","*"
"2","*"
"2","*"
"2","*"
"2","|
"
"2","Finding variable features for layer counts.9
"
"2","Calculating gene variances"
"2","
"
"2","0%   10   20   30   40   50   60   70   80   90   100%
"
"2","[----|----|----|----|----|----|----|----|----|----|
"
"2","*"
"2","*"
"2","*"
"2","*"
"2","*"
"2","*"
"2","*"
"2","*"
"2","*"
"2","*"
"2","*"
"2","*"
"2","*"
"2","*"
"2","*"
"2","*"
"2","*"
"2","*"
"2","*"
"2","*"
"2","*"
"2","*"
"2","*"
"2","*"
"2","*"
"2","*"
"2","*"
"2","*"
"2","*"
"2","*"
"2","*"
"2","*"
"2","*"
"2","*"
"2","*"
"2","*"
"2","*"
"2","*"
"2","*"
"2","*"
"2","*"
"2","*"
"2","*"
"2","*"
"2","*"
"2","*"
"2","*"
"2","*"
"2","*"
"2","*"
"2","|
"
"2","Calculating feature variances of standardized and clipped values"
"2","
"
"2","0%   10   20   30   40   50   60   70   80   90   100%
"
"2","[----|----|----|----|----|----|----|----|----|----|
"
"2","*"
"2","*"
"2","*"
"2","*"
"2","*"
"2","*"
"2","*"
"2","*"
"2","*"
"2","*"
"2","*"
"2","*"
"2","*"
"2","*"
"2","*"
"2","*"
"2","*"
"2","*"
"2","*"
"2","*"
"2","*"
"2","*"
"2","*"
"2","*"
"2","*"
"2","*"
"2","*"
"2","*"
"2","*"
"2","*"
"2","*"
"2","*"
"2","*"
"2","*"
"2","*"
"2","*"
"2","*"
"2","*"
"2","*"
"2","*"
"2","*"
"2","*"
"2","*"
"2","*"
"2","*"
"2","*"
"2","*"
"2","*"
"2","*"
"2","*"
"2","|
"
"2","Finding variable features for layer counts.10
"
"2","Calculating gene variances"
"2","
"
"2","0%   10   20   30   40   50   60   70   80   90   100%
"
"2","[----|----|----|----|----|----|----|----|----|----|
"
"2","*"
"2","*"
"2","*"
"2","*"
"2","*"
"2","*"
"2","*"
"2","*"
"2","*"
"2","*"
"2","*"
"2","*"
"2","*"
"2","*"
"2","*"
"2","*"
"2","*"
"2","*"
"2","*"
"2","*"
"2","*"
"2","*"
"2","*"
"2","*"
"2","*"
"2","*"
"2","*"
"2","*"
"2","*"
"2","*"
"2","*"
"2","*"
"2","*"
"2","*"
"2","*"
"2","*"
"2","*"
"2","*"
"2","*"
"2","*"
"2","*"
"2","*"
"2","*"
"2","*"
"2","*"
"2","*"
"2","*"
"2","*"
"2","*"
"2","*"
"2","|
"
"2","Calculating feature variances of standardized and clipped values"
"2","
"
"2","0%   10   20   30   40   50   60   70   80   90   100%
"
"2","[----|----|----|----|----|----|----|----|----|----|
"
"2","*"
"2","*"
"2","*"
"2","*"
"2","*"
"2","*"
"2","*"
"2","*"
"2","*"
"2","*"
"2","*"
"2","*"
"2","*"
"2","*"
"2","*"
"2","*"
"2","*"
"2","*"
"2","*"
"2","*"
"2","*"
"2","*"
"2","*"
"2","*"
"2","*"
"2","*"
"2","*"
"2","*"
"2","*"
"2","*"
"2","*"
"2","*"
"2","*"
"2","*"
"2","*"
"2","*"
"2","*"
"2","*"
"2","*"
"2","*"
"2","*"
"2","*"
"2","*"
"2","*"
"2","*"
"2","*"
"2","*"
"2","*"
"2","*"
"2","*"
"2","|
"
"2","Finding variable features for layer counts.11
"
"2","Calculating gene variances"
"2","
"
"2","0%   10   20   30   40   50   60   70   80   90   100%
"
"2","[----|----|----|----|----|----|----|----|----|----|
"
"2","*"
"2","*"
"2","*"
"2","*"
"2","*"
"2","*"
"2","*"
"2","*"
"2","*"
"2","*"
"2","*"
"2","*"
"2","*"
"2","*"
"2","*"
"2","*"
"2","*"
"2","*"
"2","*"
"2","*"
"2","*"
"2","*"
"2","*"
"2","*"
"2","*"
"2","*"
"2","*"
"2","*"
"2","*"
"2","*"
"2","*"
"2","*"
"2","*"
"2","*"
"2","*"
"2","*"
"2","*"
"2","*"
"2","*"
"2","*"
"2","*"
"2","*"
"2","*"
"2","*"
"2","*"
"2","*"
"2","*"
"2","*"
"2","*"
"2","*"
"2","|
"
"2","Calculating feature variances of standardized and clipped values"
"2","
"
"2","0%   10   20   30   40   50   60   70   80   90   100%
"
"2","[----|----|----|----|----|----|----|----|----|----|
"
"2","*"
"2","*"
"2","*"
"2","*"
"2","*"
"2","*"
"2","*"
"2","*"
"2","*"
"2","*"
"2","*"
"2","*"
"2","*"
"2","*"
"2","*"
"2","*"
"2","*"
"2","*"
"2","*"
"2","*"
"2","*"
"2","*"
"2","*"
"2","*"
"2","*"
"2","*"
"2","*"
"2","*"
"2","*"
"2","*"
"2","*"
"2","*"
"2","*"
"2","*"
"2","*"
"2","*"
"2","*"
"2","*"
"2","*"
"2","*"
"2","*"
"2","*"
"2","*"
"2","*"
"2","*"
"2","*"
"2","*"
"2","*"
"2","*"
"2","*"
"2","|
"
"2","Finding variable features for layer counts.12
"
"2","Calculating gene variances"
"2","
"
"2","0%   10   20   30   40   50   60   70   80   90   100%
"
"2","[----|----|----|----|----|----|----|----|----|----|
"
"2","*"
"2","*"
"2","*"
"2","*"
"2","*"
"2","*"
"2","*"
"2","*"
"2","*"
"2","*"
"2","*"
"2","*"
"2","*"
"2","*"
"2","*"
"2","*"
"2","*"
"2","*"
"2","*"
"2","*"
"2","*"
"2","*"
"2","*"
"2","*"
"2","*"
"2","*"
"2","*"
"2","*"
"2","*"
"2","*"
"2","*"
"2","*"
"2","*"
"2","*"
"2","*"
"2","*"
"2","*"
"2","*"
"2","*"
"2","*"
"2","*"
"2","*"
"2","*"
"2","*"
"2","*"
"2","*"
"2","*"
"2","*"
"2","*"
"2","*"
"2","|
"
"2","Calculating feature variances of standardized and clipped values"
"2","
"
"2","0%   10   20   30   40   50   60   70   80   90   100%
"
"2","[----|----|----|----|----|----|----|----|----|----|
"
"2","*"
"2","*"
"2","*"
"2","*"
"2","*"
"2","*"
"2","*"
"2","*"
"2","*"
"2","*"
"2","*"
"2","*"
"2","*"
"2","*"
"2","*"
"2","*"
"2","*"
"2","*"
"2","*"
"2","*"
"2","*"
"2","*"
"2","*"
"2","*"
"2","*"
"2","*"
"2","*"
"2","*"
"2","*"
"2","*"
"2","*"
"2","*"
"2","*"
"2","*"
"2","*"
"2","*"
"2","*"
"2","*"
"2","*"
"2","*"
"2","*"
"2","*"
"2","*"
"2","*"
"2","*"
"2","*"
"2","*"
"2","*"
"2","*"
"2","*"
"2","|
"
"2","Finding variable features for layer counts.13
"
"2","Calculating gene variances"
"2","
"
"2","0%   10   20   30   40   50   60   70   80   90   100%
"
"2","[----|----|----|----|----|----|----|----|----|----|
"
"2","*"
"2","*"
"2","*"
"2","*"
"2","*"
"2","*"
"2","*"
"2","*"
"2","*"
"2","*"
"2","*"
"2","*"
"2","*"
"2","*"
"2","*"
"2","*"
"2","*"
"2","*"
"2","*"
"2","*"
"2","*"
"2","*"
"2","*"
"2","*"
"2","*"
"2","*"
"2","*"
"2","*"
"2","*"
"2","*"
"2","*"
"2","*"
"2","*"
"2","*"
"2","*"
"2","*"
"2","*"
"2","*"
"2","*"
"2","*"
"2","*"
"2","*"
"2","*"
"2","*"
"2","*"
"2","*"
"2","*"
"2","*"
"2","*"
"2","*"
"2","|
"
"2","Calculating feature variances of standardized and clipped values"
"2","
"
"2","0%   10   20   30   40   50   60   70   80   90   100%
"
"2","[----|----|----|----|----|----|----|----|----|----|
"
"2","*"
"2","*"
"2","*"
"2","*"
"2","*"
"2","*"
"2","*"
"2","*"
"2","*"
"2","*"
"2","*"
"2","*"
"2","*"
"2","*"
"2","*"
"2","*"
"2","*"
"2","*"
"2","*"
"2","*"
"2","*"
"2","*"
"2","*"
"2","*"
"2","*"
"2","*"
"2","*"
"2","*"
"2","*"
"2","*"
"2","*"
"2","*"
"2","*"
"2","*"
"2","*"
"2","*"
"2","*"
"2","*"
"2","*"
"2","*"
"2","*"
"2","*"
"2","*"
"2","*"
"2","*"
"2","*"
"2","*"
"2","*"
"2","*"
"2","*"
"2","|
"
"2","Finding variable features for layer counts.14
"
"2","Calculating gene variances"
"2","
"
"2","0%   10   20   30   40   50   60   70   80   90   100%
"
"2","[----|----|----|----|----|----|----|----|----|----|
"
"2","*"
"2","*"
"2","*"
"2","*"
"2","*"
"2","*"
"2","*"
"2","*"
"2","*"
"2","*"
"2","*"
"2","*"
"2","*"
"2","*"
"2","*"
"2","*"
"2","*"
"2","*"
"2","*"
"2","*"
"2","*"
"2","*"
"2","*"
"2","*"
"2","*"
"2","*"
"2","*"
"2","*"
"2","*"
"2","*"
"2","*"
"2","*"
"2","*"
"2","*"
"2","*"
"2","*"
"2","*"
"2","*"
"2","*"
"2","*"
"2","*"
"2","*"
"2","*"
"2","*"
"2","*"
"2","*"
"2","*"
"2","*"
"2","*"
"2","*"
"2","|
"
"2","Calculating feature variances of standardized and clipped values"
"2","
"
"2","0%   10   20   30   40   50   60   70   80   90   100%
"
"2","[----|----|----|----|----|----|----|----|----|----|
"
"2","*"
"2","*"
"2","*"
"2","*"
"2","*"
"2","*"
"2","*"
"2","*"
"2","*"
"2","*"
"2","*"
"2","*"
"2","*"
"2","*"
"2","*"
"2","*"
"2","*"
"2","*"
"2","*"
"2","*"
"2","*"
"2","*"
"2","*"
"2","*"
"2","*"
"2","*"
"2","*"
"2","*"
"2","*"
"2","*"
"2","*"
"2","*"
"2","*"
"2","*"
"2","*"
"2","*"
"2","*"
"2","*"
"2","*"
"2","*"
"2","*"
"2","*"
"2","*"
"2","*"
"2","*"
"2","*"
"2","*"
"2","*"
"2","*"
"2","*"
"2","|
"
"2","Finding variable features for layer counts.15
"
"2","Calculating gene variances"
"2","
"
"2","0%   10   20   30   40   50   60   70   80   90   100%
"
"2","[----|----|----|----|----|----|----|----|----|----|
"
"2","*"
"2","*"
"2","*"
"2","*"
"2","*"
"2","*"
"2","*"
"2","*"
"2","*"
"2","*"
"2","*"
"2","*"
"2","*"
"2","*"
"2","*"
"2","*"
"2","*"
"2","*"
"2","*"
"2","*"
"2","*"
"2","*"
"2","*"
"2","*"
"2","*"
"2","*"
"2","*"
"2","*"
"2","*"
"2","*"
"2","*"
"2","*"
"2","*"
"2","*"
"2","*"
"2","*"
"2","*"
"2","*"
"2","*"
"2","*"
"2","*"
"2","*"
"2","*"
"2","*"
"2","*"
"2","*"
"2","*"
"2","*"
"2","*"
"2","*"
"2","|
"
"2","Calculating feature variances of standardized and clipped values"
"2","
"
"2","0%   10   20   30   40   50   60   70   80   90   100%
"
"2","[----|----|----|----|----|----|----|----|----|----|
"
"2","*"
"2","*"
"2","*"
"2","*"
"2","*"
"2","*"
"2","*"
"2","*"
"2","*"
"2","*"
"2","*"
"2","*"
"2","*"
"2","*"
"2","*"
"2","*"
"2","*"
"2","*"
"2","*"
"2","*"
"2","*"
"2","*"
"2","*"
"2","*"
"2","*"
"2","*"
"2","*"
"2","*"
"2","*"
"2","*"
"2","*"
"2","*"
"2","*"
"2","*"
"2","*"
"2","*"
"2","*"
"2","*"
"2","*"
"2","*"
"2","*"
"2","*"
"2","*"
"2","*"
"2","*"
"2","*"
"2","*"
"2","*"
"2","*"
"2","*"
"2","|
"
"2","Centering and scaling data matrix
"
"2","  |                                                                                                                     "
"2","  |                                                                                                               |   0%"
"2","  |                                                                                                                     "
"2","  |===============================================================================================================| 100%"
"2","
"
